{"cameraMode":{"drawMode":0,"name":"Shaded","section":"Shading Mode"},"sceneLighting":false,"audioPlay":false,"sceneViewState":{"showFog":true,"showMaterialUpdate":false,"showSkybox":false,"showFlares":true,"showImageEffects":true,"showParticleSystems":true},"in2DMode":false,"pivot":{"x":0.018041208386421205,"y":0.0749516561627388,"z":0.0},"rotation":{"x":0.1282157152891159,"y":0.697800874710083,"z":-0.12914246320724488,"w":0.6927928924560547},"size":0.23619681596755982,"orthographic":false}